{
  "benchmark": "stage3-rigid-cpu-reference",
  "buildId": "web-stage3-0.2.0",
  "precision": "JavaScript Number / IEEE-754 binary64",
  "mass": {
    "measured_kg": 4.188790204786391,
    "expected_kg": 4.188790204786391,
    "relativeError": 0
  },
  "freeFall": {
    "duration_s": 0.5,
    "expectedY_m": 9.124168749999999,
    "convergence": [
      { "dt_s": 0.004, "y_m": 9.114362100000003, "absoluteError_m": 0.009806649999996253 },
      { "dt_s": 0.002, "y_m": 9.119265424999998, "absoluteError_m": 0.004903325000000791 },
      { "dt_s": 0.001, "y_m": 9.1217170875, "absoluteError_m": 0.002451662499998619 }
    ]
  },
  "sphereCollision": {
    "momentumBefore_kg_m_s": 2.0943951023931957,
    "momentumAfter_kg_m_s": 2.0943951023931957,
    "relativeDrift": 0,
    "kineticEnergyBefore_J": 2.3561944901923453,
    "kineticEnergyAfter_J": 0.7199483164476598,
    "energyRatio": 0.305555555555555
  },
  "floorContact": {
    "finalY_m": 0.1000000001,
    "finalPenetration_m": 0,
    "finalVerticalSpeed_m_s": 0
  },
  "quaternion": { "finalNorm": 1 },
  "deterministicReplay": { "byteIdentical": true },
  "invalidValueCount": 0
}
